"First Name","Last Name","Email","Age"
"Warren","Morrow","sokyt@mailinator.com","36"
"Gwendolyn","Galloway","weciz@mailinator.com","76"
"Astra","Wyatt","quvyn@mailinator.com","57"
"Jasmine","Wong","toxazoc@mailinator.com","42"
"Brooke","Mcconnell","vyry@mailinator.com","56"
"Christen","Haney","pagevolal@mailinator.com","23"
"Tate","Vega","dycubo@mailinator.com","87"
"Amber","Brady","vyconixy@mailinator.com","78"
"Philip","Whitfield","velyfi@mailinator.com","22"
"Kitra","Hammond","fiwiloqu@mailinator.com","35"
"Charity","Mathews","fubigonero@mailinator.com","63"